{"_wandb": {"runtime": 67}, "train/acc": 0.02928310263776443, "train/loss": 4.609139388396492, "_timestamp": 1705085682.8899527, "valid_confidence/confidence_0_table": {"_type": "table-file", "sha256": "c406b1f825eda1768769472967f38cc8de59c1069d5daec9c5b73ada26edf22e", "size": 231088, "artifact_path": "wandb-client-artifact://xzleccbsbtd0wp4wzga5pccinqruq8qiu5j2np7o2wutqs8p2th6lfon8rwxv4f7mtcw5bcj7tx4gai5d3cyk87tt50rkuofiafd9psb8y0rucu7nnun3ars97qqernr:latest/valid_confidence/confidence_0_table.table.json", "_latest_artifact_path": "wandb-client-artifact://xzleccbsbtd0wp4wzga5pccinqruq8qiu5j2np7o2wutqs8p2th6lfon8rwxv4f7mtcw5bcj7tx4gai5d3cyk87tt50rkuofiafd9psb8y0rucu7nnun3ars97qqernr:latest/valid_confidence/confidence_0_table.table.json", "path": "media/table/valid_confidence/confidence_0_table_0_c406b1f825eda1768769.table.json", "ncols": 1, "nrows": 15000}, "valid0.9/acc": 0.0, "valid0.9/loss": 12.575047492980957, "valid0.9/num_predictions": 60, "valid0.9/perc_predictions": 0.4, "valid0.8/acc": 0.0, "valid0.8/loss": 12.033590316772461, "valid0.8/num_predictions": 82, "valid0.8/perc_predictions": 0.5466666666666666, "valid0.7/acc": 0.0, "valid0.7/loss": 11.50918960571289, "valid0.7/num_predictions": 113, "valid0.7/perc_predictions": 0.7533333333333334, "valid0.6/acc": 1.4388489208633095, "valid0.6/loss": 11.067668914794922, "valid0.6/num_predictions": 139, "valid0.6/perc_predictions": 0.9266666666666666, "valid0.5/acc": 2.857142857142857, "valid0.5/loss": 10.265602111816406, "valid0.5/num_predictions": 175, "valid0.5/perc_predictions": 1.1666666666666667, "valid0.4/acc": 5.527638190954774, "valid0.4/loss": 9.529781341552734, "valid0.4/num_predictions": 199, "valid0.4/perc_predictions": 1.3266666666666667, "valid0.3/acc": 9.75609756097561, "valid0.3/loss": 7.7602081298828125, "valid0.3/num_predictions": 287, "valid0.3/perc_predictions": 1.913333333333333, "valid0.2/acc": 13.902053712480253, "valid0.2/loss": 5.482268810272217, "valid0.2/num_predictions": 633, "valid0.2/perc_predictions": 4.22, "valid0.1/acc": 11.115861479264643, "valid0.1/loss": 4.344149589538574, "valid0.1/num_predictions": 2339, "valid0.1/perc_predictions": 15.593333333333334, "valid0.0/acc": 5.066666666666666, "valid0.0/loss": 4.323513031005859, "valid0.0/num_predictions": 15000, "valid0.0/perc_predictions": 100.0, "valid_coverage_table": {"_type": "table-file", "sha256": "8578197f964d54fff86897319e9c6f44e6c0c7a7d5813295d332fa79f659e1c3", "size": 477, "artifact_path": "wandb-client-artifact://momxv1od04ptif7s8vnc5gxvute7hn4xooml60i8594huc333luvp872dnkr8fmlpwdk27xan1rippi4x13m0vf40xiyj67adqx1jja3j7353twfnz79hiecpt7qb5o6:latest/valid_coverage_table.table.json", "_latest_artifact_path": "wandb-client-artifact://momxv1od04ptif7s8vnc5gxvute7hn4xooml60i8594huc333luvp872dnkr8fmlpwdk27xan1rippi4x13m0vf40xiyj67adqx1jja3j7353twfnz79hiecpt7qb5o6:latest/valid_coverage_table.table.json", "path": "media/table/valid_coverage_table_0_8578197f964d54fff868.table.json", "ncols": 2, "nrows": 16}, "_runtime": 67.76733875274658, "_step": 0}